Player,Team,Season
Kareem Rush,Indiana Pacers,07-08
Stephen Graham,Indiana Pacers,07-08
Andre Owens,Indiana Pacers,07-08
Oleksiy Pecherov,Washington Wizards,07-08
Marcus Slaughter,Miami Heat,07-08
Joel Anthony,Miami Heat,07-08
Jeremy Richardson,Miami Heat,07-08
Mustafa Shakur,Sacramento Kings,07-08
Jamario Moon,Toronto Raptors,07-08
Brandon Wallace,Boston Celtics,07-08
Chauncey Billups,Detroit Pistons,07-08
Jason Kapono,Toronto Raptors,07-08
Devean George,Dallas Mavericks,07-08
Luke Walton,Los Angeles Lakers,07-08
Jacque Vaughn,San Antonio Spurs,07-08
Matt Bonner,San Antonio Spurs,07-08
Jason Hart,Utah Jazz,07-08
Darko Miličić,Memphis Grizzlies,07-08
Mike Harris,Houston Rockets,07-08
Jerry Stackhouse,Dallas Mavericks,07-08
Vince Carter,New Jersey Nets,07-08
Steve Blake,Portland Trail Blazers,07-08
Mikki Moore,Sacramento Kings,07-08
Amir Johnson,Detroit Pistons,07-08
DeShawn Stevenson,Washington Wizards,07-08
Chucky Atkins,Denver Nuggets,07-08
Andres Nocioni,Chicago Bulls,07-08
Joe Smith,Chicago Bulls,07-08
Matt Carroll,Charlotte Bobcats,07-08
Cheikh Samb,Detroit Pistons,07-08
Jamaal Magloire,New Jersey Nets,07-08
Kelenna Azubuike,Golden State Warriors,07-08
Fabricio Oberto,San Antonio Spurs,07-08
Travis Outlaw,Portland Trail Blazers,07-08
Andre Brown,Memphis Grizzlies,07-08
Chris Mihm,Los Angeles Lakers,07-08
Gerald Wallace,Charlotte Bobcats,07-08
Morris Peterson,New Orleans Hornets,07-08
Desmond Mason,Milwaukee Bucks,07-08
Travis Diener,Indiana Pacers,07-08
Antonio McDyess,Detroit Pistons,07-08
Maceo Baston,Toronto Raptors,07-08
Sean Marks,Phoenix Suns,07-08
Mo Williams,Milwaukee Bucks,07-08
Casey Jacobsen,Memphis Grizzlies,07-08
Sammy Mejia,Detroit Pistons,07-08
Ronnie Price,Utah Jazz,07-08
Brandon Bass,Dallas Mavericks,07-08
Smush Parker,Miami Heat,07-08
Coby Karl,Los Angeles Lakers,07-08
Chuck Hayes,Houston Rockets,07-08
Kosta Perović,Golden State Warriors,07-08
Austin Croshere,Golden State Warriors,07-08
Eddie Jones,Dallas Mavericks,07-08
Matt Barnes,Golden State Warriors,07-08
Justin Williams,Memphis Grizzlies,07-08
Awvee Storey,Milwaukee Bucks,07-08
Jannero Pargo,New Orleans Hornets,07-08
Penny Hardaway,Miami Heat,07-08
Eddie House,Boston Celtics,07-08
Scot Pollard,Boston Celtics,07-08
Brevin Knight,Los Angeles Clippers,07-08
Josh Powell,Los Angeles Clippers,07-08
Ime Udoka,San Antonio Spurs,07-08
Robert Hite,New Jersey Nets,07-08
Jarvis Hayes,Detroit Pistons,07-08
Andray Blatche,Washington Wizards,07-08
Donell Taylor,Washington Wizards,07-08
Mike Hall,Washington Wizards,07-08
Stephane Lasme,Golden State Warriors,07-08
Marvin Williams,Atlanta Hawks,07-08
Shelden Williams,Atlanta Hawks,07-08
Ian Mahinmi,San Antonio Spurs,07-08
Adonal Foyle,Orlando Magic,07-08
Alexander Johnson,Miami Heat,07-08
Marcin Gortat,Orlando Magic,07-08
James Posey,Boston Celtics,07-08
D.J. Strawberry,Phoenix Suns,07-08
Jeff McInnis,Charlotte Bobcats,07-08
Ruben Patterson,Los Angeles Clippers,07-08
Yi Jianlian,Milwaukee Bucks,07-08
Anthony Carter,Denver Nuggets,07-08
Orien Greene,Sacramento Kings,07-08
Glen Davis,Boston Celtics,07-08
Lavoy Allen,Philadelphia 76ers,12-13
Malik Allen,New Jersey Nets,07-08
Ramon Sessions,Milwaukee Bucks,07-08
Calvin Booth,Philadelphia 76ers,07-08
Melvin Ely,New Orleans Hornets,07-08
Elton Brown,Los Angeles Lakers,07-08
Charlie Bell,RFA,07-08
Royal Ivey,Milwaukee Bucks,07-08
Charlie Bell,Milwaukee Bucks,07-08
Michael Ruffin,Milwaukee Bucks,07-08
Roger Mason,Washington Wizards,07-08
Troy Hudson,Golden State Warriors,07-08
Brian Chase,Miami Heat,07-08
Samaki Walker,Milwaukee Bucks,07-08
John Edwards,Minnesota Timberwolves,07-08
Esteban Batista,Boston Celtics,07-08
Dahntay Jones,Boston Celtics,07-08
Dontell Jefferson,Memphis Grizzlies,07-08
Kasib Powell,Memphis Grizzlies,07-08
Darrick Martin,Toronto Raptors,07-08
Devin Brown,Cleveland Cavaliers,07-08
Marcus Williams,San Antonio Spurs,07-08
Ray Allen,Miami Heat,12-13
Ryan Anderson,New Orleans Hornets,12-13
Marcus Camby,New York Knicks,12-13
Jamal Crawford,Los Angeles Clippers,12-13
Tim Duncan,San Antonio Spurs,12-13
Jeremy Evans,Utah Jazz,12-13
Reggie Evans,Brooklyn Nets,12-13
Danny Green,San Antonio Spurs,12-13
Luke Harangody,Cleveland Cavaliers,12-13
Rashard Lewis,Miami Heat,12-13
Brook Lopez,Brooklyn Nets,12-13
Andre Miller,Denver Nuggets,12-13
Steve Nash,Los Angeles Lakers,12-13
J. R. Smith,New York Knicks,12-13
DeShawn Stevenson,Atlanta Hawks,12-13
Mirza Teletović,Brooklyn Nets,12-13
Hasheem Thabeet,Oklahoma City Thunder,12-13
Hollis Thompson,Oklahoma City Thunder,12-13
Jason Thompson,Sacramento Kings,12-13
Gerald Wallace,Brooklyn Nets,12-13
James White,New York Knicks,12-13
Deron Williams,Brooklyn Nets,12-13
Chris Richard,Minnesota Timberwolves,07-08
Andre Patterson,Los Angeles Lakers,07-08
Ryan Bowen,New Orleans Hornets,07-08
Trey Johnson,New Orleans Hornets,07-08
Anthony Richardson (basketball),New Orleans Hornets,07-08
Eric Chenowith,New Orleans Hornets,07-08
Gerald Fitch,Detroit Pistons,07-08
Roderick Wilmont,New York Knicks,07-08
Jared Jordan,New York Knicks,07-08
Demetris Nichols,New York Knicks,07-08
Walker Russell Jr.,New York Knicks,07-08
Eddie Gill,New Jersey Nets,07-08
Jumaine Jones,New Jersey Nets,07-08
Mateen Cleaves,New Jersey Nets,07-08
Rod Benson,New Jersey Nets,07-08
Chris Ellis,Portland Trail Blazers,07-08
Brent Petway,Portland Trail Blazers,07-08
J.R. Pinnock,Portland Trail Blazers,07-08
Tony Massenburg,Washington Wizards,07-08
Jamon Gordon,Washington Wizards,07-08
Willie Deane,Washington Wizards,07-08
Darvin Ham,Dallas Mavericks,07-08
Boris Diaw,San Antonio Spurs,12-13
Ersan İlyasova,Milwaukee Bucks,12-13
Jason Kidd,New York Knicks,12-13
Cartier Martin,Washington Wizards,12-13
Ian Mahinmi,Indiana Pacers,12-13
Steve Novak,New York Knicks,12-13
Louis Williams,Atlanta Hawks,12-13
Nick Young,Philadelphia 76ers,12-13
Darrell Arthur,Memphis Grizzlies,12-13
D. J. Augustin,Indiana Pacers,12-13
Jerryd Bayless,Memphis Grizzlies,12-13
Chauncey Billups,Los Angeles Clippers,12-13
Elton Brand,Dallas Mavericks,12-13
Gerald Green,Indiana Pacers,12-13
Spencer Hawes,Philadelphia 76ers,12-13
Roy Hibbert,Indiana Pacers,12-13
J. J. Hickson,Portland Trail Blazers,12-13
George Hill,Indiana Pacers,12-13
Chris Kaman,Dallas Mavericks,12-13
Patrick Mills,San Antonio Spurs,12-13
Ramon Sessions,Charlotte Bobcats,12-13
Marreese Speights,Memphis Grizzlies,12-13
Jason Collins,Atlanta Hawks,11-12
Jared Newson,Dallas Mavericks,07-08
Jamal Sampson,Dallas Mavericks,07-08
Brian Skinner,Phoenix Suns,07-08
Marcus Douthit,Los Angeles Clippers,07-08
Kimani Friend,Los Angeles Clippers,07-08
Tierre Brown,Golden State Warriors,07-08
Pat Burke,Golden State Warriors,07-08
Carlos Powell,Golden State Warriors,07-08
Mickael Pietrus,Golden State Warriors,07-08
Alvin Jones,Denver Nuggets,07-08
Brad Stricker,Golden State Warriors,07-08
Anthony Roberson,Golden State Warriors,07-08
Jelani McCoy,Golden State Warriors,07-08
Antwayne Robinson,Atlanta Hawks,07-08
Steven Smith,Atlanta Hawks,07-08
Jamaal Tatum,Atlanta Hawks,07-08
Mario West,Atlanta Hawks,07-08
Donell Williams,Los Angeles Clippers,07-08
Courtney Sims,Indiana Pacers,07-08
Lukasz Obrzut,Indiana Pacers,07-08
Kris Lang,San Antonio Spurs,07-08
Keith Langford,San Antonio Spurs,07-08
Brandon Bass,Boston Celtics,12-13
Kevin Garnett,Boston Celtics,12-13
Eric Gordon,New Orleans Hornets,12-13
Brendan Haywood,Charlotte Bobcats,12-13
Viacheslav Kravtsov,Detroit Pistons,12-13
Chris Wilcox,Boston Celtics,12-13
Landry Fields,Toronto Raptors,12-13
Luis Scola,Phoenix Suns,12-13
Raymond Felton,New York Knicks,12-13
Chris Copeland,New York Knicks,12-13
Jared Jeffries,Portland Trail Blazers,12-13
Jameer Nelson,Orlando Magic,12-13
Jerry Stackhouse,Brooklyn Nets,12-13
Aaron Brooks,Sacramento Kings,12-13
Kris Humphries,Brooklyn Nets,12-13
Jeremy Lin,Houston Rockets,12-13
Nicolas Batum,Portland Trail Blazers,12-13
Grant Hill,Los Angeles Clippers,12-13
JaVale McGee,Denver Nuggets,12-13
Ronnie Price,Portland Trail Blazers,12-13
Jason Terry,Boston Celtics,12-13
Goran Dragić,Phoenix Suns,12-13
Ivan Johnson,Atlanta Hawks,11-12
Tracy McGrady,Atlanta Hawks,11-12
Vladimir Radmanović,Atlanta Hawks,11-12
Donald Sloan,Atlanta Hawks,11-12
Jerry Stackhouse,Atlanta Hawks,11-12
Marquis Daniels,Boston Celtics,11-12
Chris Wilcox,Boston Celtics,11-12
Greg Stiemsma,Boston Celtics,11-12
Derrick Brown,Charlotte Bobcats,11-12
Mychel Thompson,Cleveland Cavaliers,11-12
Brandan Wright,Dallas Mavericks,11-12
Julyan Stone,Denver Nuggets,11-12
Jonas Jerebko,Detroit Pistons,11-12
Tayshaun Prince,Detroit Pistons,11-12
Damien Wilkins,Detroit Pistons,11-12
Caron Butler,Los Angeles Clippers,11-12
Jason Kapono,Los Angeles Lakers,11-12
Mario Chalmers,Miami Heat,11-12
Juwan Howard,Miami Heat,11-12
James Jones,Miami Heat,11-12
Shane Battier,Miami Heat,11-12
Dennis Horner,New Jersey Nets,11-12
Carldell Johnson,New Orleans Hornets,11-12
Darius Washington,San Antonio Spurs,07-08
Anthony Lever-Pedroza,San Antonio Spurs,07-08
Andre Barrett,Chicago Bulls,07-08
Joseph Blair,Chicago Bulls,07-08
Justin Cage,Chicago Bulls,07-08
Thomas Gardiner,Chicago Bulls,07-08
Jared Homan,Chicago Bulls,07-08
Stacey Augmon,Denver Nuggets,07-08
Dan Dickeau,Los Angeles Clippers,07-08
Darrell Armstrong,New Jersey Nets,07-08
Allan Houston,New York Knicks,07-08
Mike Wilks,Denver Nuggets,07-08
Stacey Augmon,Denver Nuggets,07-08
Courtney Sims,Indiana Pacers,07-08
Demetris Nichols,Cleveland Cavaliers,07-08
Sasha Pavlović,Cleveland Cavaliers,07-08
Juwan Howard,Dallas Mavericks,07-08
Beno Udrih,Sacramento Kings,07-08
Eddie Gill,New Jersey Nets,07-08
D.J. Mbenga,Golden State Warriors,07-08
Jelani McCoy,Denver Nuggets,07-08
O. J. Mayo,Dallas Mavericks,12-13
Vladimir Radmanović,Chicago Bulls,12-13
Keith Bogans,Brooklyn Nets,12-13
Michael Beasley,Phoenix Suns,12-13
Kwame Brown,Philadelphia 76ers,12-13
Courtney Lee,Boston Celtics,12-13
Jon Leuer,Cleveland Cavaliers,12-13
Sasha Pavlović,Portland Trail Blazers,12-13
Anthony Randolph,Denver Nuggets,12-13
Kirk Hinrich,Chicago Bulls,12-13
Ryan Hollins,Los Angeles Clippers,12-13
C. J. Watson,Brooklyn Nets,12-13
Ömer Aşık,Houston Rockets,12-13
Marco Belinelli,Chicago Bulls,12-13
A. J. Price,Washington Wizards,12-13
Pablo Prigioni,New York Knicks,12-13
Ronnie Brewer,New York Knicks,12-13
Shannon Brown,Phoenix Suns,12-13
Randy Foye,Utah Jazz,12-13
Jordan Hill,Los Angeles Lakers,12-13
Antawn Jamison,Los Angeles Lakers,12-13
Alexey Shved,Minnesota Timberwolves,12-13
Kent Bazemore,Golden State Warriors,12-13
Delonte West,Dallas Mavericks,12-13
Trey Johnson,New Orleans Hornets,11-12
DaJuan Summers,New Orleans Hornets,11-12
Lance Thomas,New Orleans Hornets,11-12
Terrico White,New Orleans Hornets,11-12
Daequan Cook,Oklahoma City Thunder,11-12
Larry Hughes,Orlando Magic,11-12
Grant Hill,Phoenix Suns,11-12
Shannon Brown,Phoenix Suns,11-12
Sebastian Telfair,Phoenix Suns,11-12
Greg Oden,Portland Trail Blazers,11-12
Marcus Thornton,Sacramento Kings,11-12
T. J. Ford,San Antonio Spurs,11-12
Jamaal Magloire,Toronto Raptors,11-12
Earl Watson,Utah Jazz,11-12
Roger Mason,Washington Wizards,11-12
Chris Wright,Golden State Warriors,11-12
Jeff Foster,Indiana Pacers,11-12
Jeff Pendergraph,Indiana Pacers,11-12
Josh Davis,Memphis Grizzlies,11-12
Demetris Nichols,Chicago Bulls,07-08
Dahntay Jones,Sacramento Kings,07-08
Luke Jackson,Miami Heat,07-08
Courtney Sims,Indiana Pacers,07-08
Richie Frahm,Los Angeles Clippers,07-08
Mike Wilks,Washington Wizards,07-08
Jeremy Richardson,Memphis Grizzlies,07-08
Jelani McCoy,Denver Nuggets,07-08
Billy Thomas,New Jersey Nets,07-08
Marcus Williams,San Antonio Spurs,07-08
Keith Langford,San Antonio Spurs,07-08
DerMarr Johnson,San Antonio Spurs,07-08
C.J. Watson,Golden State Warriors,07-08
Guillermo Diaz,Los Angeles Clippers,07-08
Bobby Jones,Memphis Grizzlies,07-08
Jeremy Richardson,San Antonio Spurs,07-08
C.J. Watson,Golden State Warriors,07-08
Guillermo Diaz,Los Angeles Clippers,07-08
Bobby Jones,Memphis Grizzlies,07-08
Aaron Gray,Toronto Raptors,12-13
Robin Lopez,New Orleans Hornets,12-13
Andrei Kirilenko,Minnesota Timberwolves,12-13
John Lucas III,Toronto Raptors,12-13
Nazr Mohammed,Chicago Bulls,12-13
Ronny Turiaf,Los Angeles Clippers,12-13
Royal Ivey,Philadelphia 76ers,12-13
Hamed Haddadi,Memphis Grizzlies,12-13
Alan Anderson,Toronto Raptors,12-13
Willie Green,Los Angeles Clippers,12-13
Dionte Christmas,Boston Celtics,12-13
Jason Collins,Boston Celtics,12-13
Keyon Dooling,Boston Celtics,12-13
Nate Robinson,Chicago Bulls,12-13
Brandon Roy,Minnesota Timberwolves,12-13
Jamar Smith,Boston Celtics,12-13
Maalik Wayns,Philadelphia 76ers,12-13
Carl Landry,Golden State Warriors,12-13
Brandon Rush,Golden State Warriors,12-13
Chris Smith,New York Knicks,12-13
P. J. Tucker,Phoenix Suns,12-13
Greg Stiemsma,Minnesota Timberwolves,12-13
"Roger Mason, Jr.",New Orleans Hornets,12-13
Jeremy Pargo,Memphis Grizzlies,11-12
Brian Skinner,Memphis Grizzlies,11-12
Eddy Curry,Miami Heat,11-12
Mickell Gladness,Miami Heat,11-12
Terrel Harris,Miami Heat,11-12
Mike Dunleavy,Milwaukee Bucks,11-12
Darington Hobson,Milwaukee Bucks,11-12
Tyson Chandler,New York Knicks,11-12
Thaddeus Young,Philadelphia 76ers,11-12
Rasual Butler,Toronto Raptors,11-12
Jamaal Tinsley,Utah Jazz,11-12
Larry Owens,Washington Wizards,11-12
Jared Jeffries,New York Knicks,11-12
Mike Bibby,New York Knicks,11-12
Spencer Hawes,Philadelphia 76ers,11-12
Jeremy Richardson,San Antonio Spurs,07-08
D.J. Mbenga,Los Angeles Lakers,07-08
C.J. Watson,Golden State Warriors,07-08
Chris Webber,Golden State Warriors,07-08
Earl Boykins,Charlotte Bobcats,07-08
D.J. Mbenga,Los Angeles Lakers,07-08
Damon Stoudamire,San Antonio Spurs,07-08
D.J. Mbenga,Los Angeles Lakers,07-08
Jeremy Richardson,Atlanta Hawks,07-08
Bobby Jones,Houston Rockets,07-08
Jamaal Magloire,Dallas Mavericks,07-08
P.J. Brown,Boston Celtics,07-08
Nick Fazekas,Los Angeles Clippers,07-08
Jeremy Richardson,Atlanta Hawks,07-08
Mike Wilks,Seattle Supersonics,07-08
Andre Barrett,Los Angeles Clippers,07-08
Flip Murray,Indiana Pacers,07-08
Daniel Orton,Oklahoma City Thunder,12-13
C. J. Miles,Cleveland Cavaliers,12-13
Joel Przybilla,Milwaukee Bucks,12-13
Micheal Eric,Cleveland Cavaliers,12-13
Jodie Meeks,Los Angeles Lakers,12-13
Devin Ebanks,Los Angeles Lakers,12-13
Carlos Delfino,Houston Rockets,12-13
Jermaine O'Neal,Phoenix Suns,12-13
Ish Smith,Orlando Magic,12-13
Brian Roberts,New Orleans Hornets,12-13
Jeff Green,Boston Celtics,12-13
Martell Webster,Washington Wizards,12-13
Greg Somogyi,Los Angeles Lakers,12-13
Reeves Nelson,Los Angeles Lakers,12-13
E'Twaun Moore,Orlando Magic,12-13
Sam Young,Indiana Pacers,12-13
Sundiata Gaines,Indiana Pacers,12-13
Blake Ahearn,Indiana Pacers,12-13
Mickell Gladness,Miami Heat,12-13
Scott Machado,Houston Rockets,12-13
Alonzo Gee,Cleveland Cavaliers,12-13
Terrel Harris,Miami Heat,12-13
Kurt Thomas,Portland Trail Blazers,11-12
Aaron Gray,Toronto Raptors,11-12
Hamady N'Diaye,Washington Wizards,11-12
Aleksandar Pavlović,Boston Celtics,11-12
Brian Scalabrine,Chicago Bulls,11-12
Anthony Parker,Cleveland Cavaliers,11-12
Brian Cardinal,Dallas Mavericks,11-12
Vince Carter,Dallas Mavericks,11-12
Jeremy Lin,Houston Rockets,11-12
DeAndre Jordan,Los Angeles Clippers,11-12
Chauncey Billups,Los Angeles Clippers,11-12
Jason Richardson,Orlando Magic,11-12
Glen Davis,Orlando Magic,11-12
Von Wafer,Orlando Magic,11-12
Tony Battie,Philadelphia 76ers,11-12
Gani Lawal,San Antonio Spurs,11-12
Anthony Carter,Toronto Raptors,11-12
Delonte West,Dallas Mavericks,11-12
DeMarre Carroll,Denver Nuggets,11-12
David West,Indiana Pacers,11-12
Luc Mbah a Moute,Milwaukee Bucks,11-12
Shelden Williams,New Jersey Nets,11-12
Marco Belinelli,New Orleans Hornets,11-12
Billy Thomas,Cleveland Cavaliers,07-08
Kaniel Dickens,Cleveland Cavaliers,07-08
Linton Johnson,Phoenix Suns,07-08
Sam Cassell,Boston Celtics,07-08
Chris Andersen,New Orleans Hornets,07-08
Gordon Giriček,Phoenix Suns,07-08
Theo Ratliff,Detroit Pistons,07-08
Tyronn Lue,Dallas Mavericks,07-08
Justin Williams (basketball),Houston Rockets,07-08
Mike Harris,Houston Rockets,07-08
Nick Fazekas,Los Angeles Clippers,07-08
Jeremy Richardson,Atlanta Hawks,07-08
Mike Wilks,Seattle Supersonics,07-08
Smush Parker,Los Angeles Clippers,07-08
Bobby Jones,Miami Heat,07-08
Lance Allred,Cleveland Cavaliers,07-08
Mike Harris,Houston Rockets,07-08
Nick Fazekas,Cleveland Cavaliers,07-08
Blake Ahearn,Miami Heat,07-08
Ira Newble,Los Angeles Lakers,07-08
Stephane Lasme,Miami Heat,07-08
Loren Woods,Houston Rockets,07-08
Henry Sims,New York Knicks,12-13
Oscar Bellfield,New York Knicks,12-13
John Shurna,New York Knicks,12-13
Mychel Thompson,New York Knicks,12-13
DeAndre Liggins,Oklahoma City Thunder,12-13
Andy Rautins,Oklahoma City Thunder,12-13
Andray Blatche,Brooklyn Nets,12-13
Dominic McGuire,Toronto Raptors,12-13
Josh Childress,Brooklyn Nets,12-13
Garrett Temple,Miami Heat,12-13
Matt Barnes,Los Angeles Clippers,12-13
Stephen Dennis,Brooklyn Nets,12-13
Josh Harrellson,Miami Heat,12-13
James Mays,Brooklyn Nets,12-13
Carleton Scott,Brooklyn Nets,12-13
Ivan Johnson,Atlanta Hawks,12-13
Luke Nevill,Indiana Pacers,12-13
Ben Hansbrough,Indiana Pacers,12-13
Jamaal Magloire,Toronto Raptors,12-13
Brian Cook,Washington Wizards,12-13
Earl Barron,Washington Wizards,12-13
Ronnie Price,Phoenix Suns,11-12
Melvin Ely,Charlotte Bobcats,11-12
Richard Hamilton,Chicago Bulls,11-12
Nenê,Denver Nuggets,11-12
Kwame Brown,Golden State Warriors,11-12
Josh McRoberts,Los Angeles Lakers,11-12
Marc Gasol,Memphis Grizzlies,11-12
José Juan Barea,Minnesota Timberwolves,11-12
Gary Forbes,Toronto Raptors,11-12
Reggie Williams,Charlotte Bobcats,11-12
Dominic McGuire,Golden State Warriors,11-12
Shawne Williams,New Jersey Nets,11-12
Earl Clark,Orlando Magic,11-12
Jamal Crawford,Portland Trail Blazers,11-12
Kasib Powell,Miami Heat,07-08
Brent Barry,San Antonio Spurs,07-08
Eddie Gill,Seattle Supersonics,07-08
Lance Allred,Cleveland Cavaliers,07-08
Linton Johnson,Toronto Raptors,07-08
Mike Harris,Houston Rockets,07-08
Marcus Williams,Los Angeles Clippers,07-08
Blake Ahearn,Miami Heat,07-08
Stephane Lasme,Miami Heat,07-08
Loren Woods,Houston Rockets,07-08
Ira Newble,Los Angeles Clippers,07-08
Bobby Jones,San Antonio Spurs,07-08
Ronald Dupree,Seattle Supersonics,07-08
Lance Allred,Cleveland Cavaliers,07-08
Stephane Lasme,Miami Heat,07-08
Bobby Jones,Denver Nuggets,07-08
Loren Woods,Houston Rockets,07-08
Steven Gray,Washington Wizards,12-13
Shavlik Randolph,Washington Wizards,12-13
Jerel McNeal,Toronto Raptors,12-13
Chris Wright,Toronto Raptors,12-13
Adam Morrison,Portland Trail Blazers,12-13
Demonte Harper,Portland Trail Blazers,12-13
Dallas Lauderdale,Portland Trail Blazers,12-13
Louis Amundson,Minnesota Timberwolves,12-13
Marquis Daniels,Milwaukee Bucks,12-13
D. J. Mbenga,Dallas Mavericks,12-13
Josh Akognon,Dallas Mavericks,12-13
Tu Holloway,Dallas Mavericks,12-13
Jeff Adrien,Charlotte Bobcats,12-13
Paris Horne,Charlotte Bobcats,12-13
Josh Owens,Charlotte Bobcats,12-13
DaJuan Summers,Charlotte Bobcats,12-13
Kyle Fogg,Houston Rockets,12-13
Demetri McCamey,Houston Rockets,12-13
Cyril Awere,Sacramento Kings,12-13
Tony Mitchell,Sacramento Kings,12-13
Hamady N'Diaye,Sacramento Kings,12-13
Willie Reed,Sacramento Kings,12-13
Craig Smith,Portland Trail Blazers,11-12
Steve Novak,San Antonio Spurs,11-12
Josh Howard,Utah Jazz,11-12
Ish Smith,Golden State Warriors,11-12
Maurice Evans,Washington Wizards,11-12
Rodney Stuckey,Detroit Pistons,11-12
Carl Landry,New Orleans Hornets,11-12
Jason Smith,New Orleans Hornets,11-12
Travis Outlaw,Sacramento Kings,11-12
Troy Murphy,Los Angeles Lakers,11-12
Ben Uzoh,Charlotte Bobcats,11-12
Baron Davis,New York Knicks,11-12
Nick Young,Washington Wizards,11-12
Jannero Pargo,Atlanta Hawks,11-12
Arron Afflalo,Denver Nuggets,11-12
Sean Williams,Dallas Mavericks,11-12
Jeff Adrien,Houston Rockets,11-12
Kris Humphries,New Jersey Nets,11-12
Steve Novak,New York Knicks,11-12
DerMarr Johnson,San Antonio Spurs,07-08
Blake Ahearn,Miami Heat,07-08
Ronald Dupree,Seattle Supersonics,07-08
Linton Johnson,Phoenix Suns,07-08
Billy Thomas,Cleveland Cavaliers,07-08
Carlon Brown,Golden State Warriors,12-13
Lance Goulbourne,Golden State Warriors,12-13
Rick Jackson,Golden State Warriors,12-13
Tarence Kinsey,Golden State Warriors,12-13
Trey Gilder,Utah Jazz,12-13
Darnell Jackson,Utah Jazz,12-13
Chris Quinn,Utah Jazz,12-13
Brian Butch,Utah Jazz,12-13
Ronnie Aguilar,Los Angeles Lakers,12-13
Derrick Brown,San Antonio Spurs,12-13
Josh Powell,San Antonio Spurs,12-13
Tyler Wilkerson,San Antonio Spurs,12-13
Wesley Witherspoon,San Antonio Spurs,12-13
Rodney Carney,Miami Heat,12-13
Anthony Tolliver,Atlanta Hawks,12-13
Keith Benson,Atlanta Hawks,12-13
Damion James,Atlanta Hawks,12-13
James Anderson,Atlanta Hawks,12-13
Carldell Johnson,Atlanta Hawks,12-13
Dan Gadzuric,Philadelphia 76ers,12-13
Devin Searcy,Philadelphia 76ers,12-13
Willie Green,Atlanta Hawks,11-12
Reggie Evans,Los Angeles Clippers,11-12
DeShawn Stevenson,New Jersey Nets,11-12
Gustavo Ayón,New Orleans Hornets,11-12
Chuck Hayes,Sacramento Kings,11-12
Mickaël Piétrus,Boston Celtics,11-12
Dante Cunningham,Memphis Grizzlies,11-12
Cory Higgins,Charlotte Bobcats,11-12
Samuel Dalembert,Houston Rockets,11-12
Jeremy Lin,New York Knicks,11-12
Michael Redd,Phoenix Suns,11-12
Hamed Haddadi,Memphis Grizzlies,11-12
Ike Diogu,San Antonio Spurs,11-12
Solomon Jones,Los Angeles Clippers,11-12
Nate Robinson,Golden State Warriors,11-12
Mike James,Chicago Bulls,11-12
Malcolm Thomas,San Antonio Spurs,11-12
Earl Barron,Golden State Warriors,11-12
Courtney Fortson,Los Angeles Clippers,11-12
Larry Owens,New Jersey Nets,11-12
Walker Russell,Detroit Pistons,11-12
Xavier Silas,Philadelphia 76ers,12-13
Damien Wilkins,Philadelphia 76ers,12-13
Darko Miličić,Boston Celtics,12-13
Micah Downs,Boston Celtics,12-13
Rob Kurz,Boston Celtics,12-13
Will Conroy,Minnesota Timberwolves,12-13
Mike Harris,Minnesota Timberwolves,12-13
Chris Johnson,Minnesota Timberwolves,12-13
Phil Jones,Minnesota Timberwolves,12-13
Seth Tarver,Minnesota Timberwolves,12-13
Jermaine Taylor,Minnesota Timberwolves,12-13
Kevin Jones,Cleveland Cavaliers,12-13
Kevin Anderson,Cleveland Cavaliers,12-13
Jeremy Pargo,Cleveland Cavaliers,12-13
Michael Dunigan,Memphis Grizzlies,12-13
Ronald Dupree,Memphis Grizzlies,12-13
Jarrid Famous,Memphis Grizzlies,12-13
Jerome Jordan,Memphis Grizzlies,12-13
D. J. Kennedy,Memphis Grizzlies,12-13
Armon Johnson,Orlando Magic,12-13
DeQuan Jones,Orlando Magic,12-13
Francisco Elson,Philadelphia 76ers,11-12
Keith Bogans,New Jersey Nets,11-12
Ish Smith,Orlando Magic,11-12
Kenyon Martin,Los Angeles Clippers,11-12
Greg Smith,Houston Rockets,11-12
DeMarre Carroll,Utah Jazz,11-12
J. R. Smith,New York Knicks,11-12
Joel Przybilla,Portland Trail Blazers,11-12
Lance Thomas,New Orleans Hornets,11-12
Erick Dampier,Atlanta Hawks,11-12
Donald Sloan,Cleveland Cavaliers,11-12
Manny Harris,Cleveland Cavaliers,11-12
Wilson Chandler,Denver Nuggets,11-12
Gerald Green,New Jersey Nets,11-12
Gilbert Arenas,Memphis Grizzlies,11-12
Chris Johnson,New Orleans Hornets,11-12
Ronny Turiaf,Miami Heat,11-12
Derek Fisher,Oklahoma City Thunder,11-12
J. J. Hickson,Portland Trail Blazers,11-12
Ryan Hollins,Boston Celtics,11-12
Kelenna Azubuike,Dallas Mavericks,11-12
Kyrylo Fesenko,Indiana Pacers,11-12
Marqus Blakely,Los Angeles Clippers,12-13
Courtney Fortson,Los Angeles Clippers,12-13
Trent Plaisted,Los Angeles Clippers,12-13
Ike Diogu,Phoenix Suns,12-13
Othyus Jeffers,Phoenix Suns,12-13
Luke Zeller,Phoenix Suns,12-13
Diante Garrett,Phoenix Suns,12-13
Solomon Jones,Phoenix Suns,12-13
Terrence Williams,Detroit Pistons,12-13
Jonny Flynn,Detroit Pistons,12-13
Isma'il Muhammad,Atlanta Hawks,12-13
"Walker Russell, Jr.",Oklahoma City Thunder,12-13
Chris Douglas-Roberts,Los Angeles Lakers,12-13
Alando Tucker,Milwaukee Bucks,12-13
Eddie Gill,Milwaukee Bucks,12-13
Orien Greene,Milwaukee Bucks,12-13
"Mustapha Farrakhan, Jr.",Milwaukee Bucks,12-13
Jannero Pargo,Washington Wizards,12-13
Ryan Allen,Chicago Bulls,12-13
Vance Cooksey,Chicago Bulls,12-13
Andre Emmett,Chicago Bulls,12-13
Boris Diaw,San Antonio Spurs,11-12
Bobby Simmons,Los Angeles Clippers,11-12
Patrick Mills,San Antonio Spurs,11-12
Courtney Fortson,Houston Rockets,11-12
Terrence Williams,Sacramento Kings,11-12
Mickell Gladness,Golden State Warriors,11-12
Mike James,Chicago Bulls,11-12
Diamon Simpson,Houston Rockets,11-12
Jamario Moon,Charlotte Bobcats,11-12
Morris Almond,Washington Wizards,11-12
Mikki Moore,Golden State Warriors,11-12
Sean Williams,Boston Celtics,11-12
Lester Hudson,Memphis Grizzlies,11-12
Dan Gadzuric,New York Knicks,11-12
Xavier Silas,Philadelphia 76ers,11-12
Kyrylo Fesenko,Chicago Bulls,12-13
Marko Jarić,Chicago Bulls,12-13
Mikki Moore,Philadelphia 76ers,12-13
Kyle Weaver,Memphis Grizzlies,12-13
Ronald Murray,Memphis Grizzlies,12-13
Anthony Carter,Denver Nuggets,12-13
Ben Uzoh,Denver Nuggets,12-13
Eddy Curry,San Antonio Spurs,12-13
Sherron Collins,San Antonio Spurs,12-13
Solomon Alabi,New Orleans Hornets,12-13
Chris Wright,New Orleans Hornets,12-13
Dominique Morrison,New Orleans Hornets,12-13
Coby Karl,Portland Trail Blazers,12-13
Justin Holiday,Cleveland Cavaliers,12-13
Hank Thorns,Los Angeles Clippers,12-13
Chris Johnson,Los Angeles Clippers,12-13
Stefhon Hannah,Golden State Warriors,12-13
Rasheed Wallace,New York Knicks,12-13
Chris Johnson,Orlando Magic,12-13
Justin Holiday,Portland Trail Blazers,12-13
Leandro Barbosa,Boston Celtics,12-13
JaMychal Green,San Antonio Spurs,12-13
Eddy Curry,Dallas Mavericks,12-13
D'Aundray Brown,Cleveland Cavaliers,12-13
Chris Douglas-Roberts,Dallas Mavericks,12-13
Melvin Ely,Dallas Mavericks,12-13
Daniel Orton,Oklahoma City Thunder,12-13
Troy Murphy,Dallas Mavericks,12-13
Shaun Livingston,Washington Wizards,12-13
Josh Howard,Minnesota Timberwolves,12-13
James Anderson,San Antonio Spurs,12-13
Derek Fisher,Dallas Mavericks,12-13
Kevin Jones,Cleveland Cavaliers,12-13
Mickaël Piétrus,Toronto Raptors,12-13
Jeff Adrien,Charlotte Bobcats,12-13
Dominic McGuire,New Orleans Hornets,12-13
Chris Douglas-Roberts,Dallas Mavericks,12-13
Jarvis Varnado,Boston Celtics,12-13
Shelvin Mack,Washington Wizards,12-13
Garrett Temple,Washington Wizards,12-13
Shaun Livingston,Cleveland Cavaliers,12-13
Lazar Hayward,Minnesota Timberwolves,12-13
James Anderson,Houston Rockets,12-13
Daequan Cook,Chicago Bulls,12-13
Dominic McGuire,Indiana Pacers,12-13
Donald Sloan,New Orleans Hornets,12-13
Patrick Beverley,Houston Rockets,12-13
Mike James,Dallas Mavericks,12-13
Lazar Hayward,Minnesota Timberwolves,12-13
Maalik Wayns,Philadelphia 76ers,12-13
Jarvis Varnado,Miami Heat,12-13
Josh Harrellson,Miami Heat,12-13
Damion James,Brooklyn Nets,12-13
Dominic McGuire,Indiana Pacers,12-13
Shelvin Mack,Philadelphia 76ers,12-13
Mike James,Dallas Mavericks,12-13
Chris Johnson,Minnesota Timberwolves,12-13
Mickaël Gelabale,Minnesota Timberwolves,12-13
Chris Andersen,Miami Heat,12-13
Jarvis Varnado,Miami Heat,12-13
Jannero Pargo,Atlanta Hawks,12-13
Aron Baynes,San Antonio Spurs,12-13
Chris Johnson,Memphis Grizzlies,12-13
Mike James,Dallas Mavericks,12-13
Shelvin Mack,Philadelphia 76ers,12-13
Sam Young,Indiana Pacers,12-13
Chris Johnson,Minnesota Timberwolves,12-13
Mickaël Gelabale,Minnesota Timberwolves,12-13
Chris Andersen,Miami Heat,12-13
Jarvis Varnado,Miami Heat,12-13
Jannero Pargo,Atlanta Hawks,12-13
Chris Johnson,Memphis Grizzlies,12-13
Jeremy Pargo,Philadelphia 76ers,12-13
Chris Andersen,Miami Heat,12-13
Chris Johnson,Minnesota Timberwolves,12-13
Mickaël Gelabale,Minnesota Timberwolves,12-13
Jeremy Pargo,Philadelphia 76ers,12-13
Terrence Williams,Boston Celtics,12-13
Kenyon Martin,New York Knicks,12-13
Derek Fisher,Oklahoma City Thunder,12-13
Tim Ohlbrecht,Houston Rockets,12-13
D. J. White,Boston Celtics,12-13
Shavlik Randolph,Boston Celtics,12-13
Lou Amundson,Chicago Bulls,12-13
Juwan Howard,Miami Heat,12-13
Henry Sims,New Orleans Hornets,12-13
Terrence Williams,Boston Celtics,12-13
Aaron Brooks,Houston Rockets,12-13
Kenyon Martin,New York Knicks,12-13
Shelvin Mack,Atlanta Hawks,12-13
Malcolm Thomas,Golden State Warriors,12-13
Terrel Harris,New Orleans Hornets,12-13
Maalik Wayns,Los Angeles Clippers,12-13
D. J. White,Boston Celtics,12-13
Travis Leslie,Utah Jazz,12-13
Shavlik Randolph,Boston Celtics,12-13
Lou Amundson,New Orleans Hornets,12-13
Juwan Howard,Miami Heat,12-13
Chris Wright,Dallas Mavericks,12-13
Jannero Pargo,Charlotte Bobcats,12-13
DaJuan Summers,Los Angeles Clippers,12-13
Kenyon Martin,New York Knicks,12-13
Shelvin Mack,Atlanta Hawks,12-13
Terrel Harris,New Orleans Hornets,12-13
Malcolm Thomas,Chicago Bulls,12-13
Maalik Wayns,Los Angeles Clippers,12-13
D. J. White,Boston Celtics,12-13
Chris Quinn,Cleveland Cavaliers,12-13
Shavlik Randolph,Boston Celtics,12-13
Juwan Howard,Miami Heat,12-13
Jannero Pargo,Charlotte Bobcats,12-13
DaJuan Summers,Los Angeles Clippers,12-13
Justin Dentmon,Dallas Mavericks,12-13
Shelvin Mack,Atlanta Hawks,12-13
Jerel McNeal,Utah Jazz,12-13
Terrel Harris,New Orleans Hornets,12-13
Maalik Wayns,Los Angeles Clippers,12-13
Malcolm Thomas,Chicago Bulls,12-13
Justin Holiday,Philadelphia 76ers,12-13
Kris Joseph,Brooklyn Nets,12-13
Josh Akognon,Dallas Mavericks,12-13
Jannero Pargo,Charlotte Bobcats,12-13
Keyon Dooling,Memphis Grizzlies,12-13
DaJuan Summers,Los Angeles Clippers,12-13
Jerel McNeal,Utah Jazz,12-13
Scott Machado,Golden State Warriors,12-13
Malcolm Thomas,Chicago Bulls,12-13
Solomon Jones,New York Knicks,12-13
Kris Joseph,Brooklyn Nets,12-13
Josh Akognon,Dallas Mavericks,12-13
Andrew Goudelock,Los Angeles Lakers,12-13
Quentin Richardson,New York Knicks,12-13
Tracy McGrady,San Antonio Spurs,12-13
Earl Barron,New York Knicks,12-13
Dwayne Jones,Golden State Warriors,12-13
Donté Greene,Memphis Grizzlies,12-13
Willie Reed,Memphis Grizzlies,12-13
Scott Machado,Golden State Warriors,12-13
Erick Dampier,Atlanta Hawks,12-13
Brian Cardinal,Dallas Mavericks,12-13
Earl Boykins,Houston Rockets,12-13
Bobby Simmons,Los Angeles Clippers,12-13
Mike Bibby,New York Knicks,12-13
Baron Davis,New York Knicks,12-13
Tony Battie,Philadelphia 76ers,12-13
Michael Redd,Phoenix Suns,12-13
Maurice Evans,Washington Wizards,12-13
